auc,logloss,mean_per_class_error,mse,f1,f2,f.5
0.877513484732736,0.40423676418016197,0.21105334695861816,0.12989654307388532,0.5983329152461456,0.6259454724850482,0.6147367491520729
