0,1,Error,Rate
391,195,0.33276450511945393, =195/586
44,281,0.13538461538461538, =44/325
435,476,0.2623490669593853, =239/911
