0,1,Error,Rate
555,31,0.052901023890784986, =31/586
47,278,0.14461538461538462, =47/325
602,309,0.08562019758507135, =78/911
