auc,logloss,mean_per_class_error,mse,f1,f2,f.5
0.9924586363471009,0.14298264109216421,0.045345245536231024,0.03705583479446906,0.7254342292382797,0.7520525128132148,0.7338854609828459
