auc,logloss,mean_per_class_error,mse,f1,f2,f.5
0.9224333761795038,0.36331332084297036,0.12574901819086487,0.10881079277403606,0.7537037742728535,0.7464702372312237,0.789608192937284
