0,1,Error,Rate
345,28,0.07506702412868632, =28/373
17,521,0.031598513011152414, =17/538
362,549,0.04939626783754116, =45/911
