0,1,Error,Rate
332,41,0.10991957104557641, =41/373
56,482,0.10408921933085502, =56/538
388,523,0.10647639956092206, =97/911
