auc,logloss,mean_per_class_error,mse,f1,f2,f.5
0.9979509361986957,0.09670012532223393,0.022489352627931357,0.023672514015661946,0.7988236868354613,0.7835165568535394,0.8367619322355154
