0,1,Error,Rate
589,36,0.0576, =36/625
28,258,0.0979020979020979, =28/286
617,294,0.07025246981339188, =64/911
