0,1,Error,Rate
478,147,0.2352, =147/625
56,230,0.1958041958041958, =56/286
534,377,0.22283205268935236, =203/911
