auc,logloss,mean_per_class_error,mse,f1,f2,f.5
0.8319239241390427,0.4670843182699658,0.20770805351098695,0.14784177394939163,0.5311913027227618,0.5861410020646094,0.522942205085941
