auc,logloss,mean_per_class_error,mse,f1,f2,f.5
0.9890886298107058,0.15597302539887092,0.06178566951413886,0.04289095411414394,0.7230669254512685,0.7586867698805424,0.7237912867715127
