auc,logloss,mean_per_class_error,mse,f1,f2,f.5
0.9965616964834173,0.028799949367862,0.053316807732241775,0.008333136353246137,0.8619339524585098,0.8083558738202135,0.9319729578419135
