auc,logloss,mean_per_class_error,mse,f1,f2,f.5
0.9986382687258435,0.018718544968571386,0.06483444500616992,0.005030599885681494,0.7736642490397474,0.7170124160726633,0.8615011704573386
