0,1,Error,Rate
25,0,0, =0/25
6,880,0.006772009029345372, =6/886
31,880,0.006586169045005488, =6/911
