0,1,Error,Rate
18,7,0.28, =7/25
3,883,0.003386004514672686, =3/886
21,890,0.010976948408342482, =10/911
