0,1,Error,Rate
529,89,0.14401294498381878, =89/618
53,240,0.18088737201365188, =53/293
582,329,0.15587266739846323, =142/911
