0,1,Error,Rate
90,6,0.0625, =6/96
33,782,0.04049079754601227, =33/815
123,788,0.042810098792535674, =39/911
