auc,logloss,mean_per_class_error,mse,f1,f2,f.5
0.9551159704596397,0.28022305120612573,0.12067705402067411,0.08661595775858585,0.6234560577354128,0.6596219887029774,0.6309310486350043
