auc,logloss,mean_per_class_error,mse,f1,f2,f.5
0.9749108564898038,0.11399348919369119,0.19111057268952006,0.036877386359540416,0.8827648230612505,0.8452984500276445,0.9330031673808925
