auc,logloss,mean_per_class_error,mse,f1,f2,f.5
0.8030555219140226,0.5001826684884124,0.2662272182956976,0.16676831333148937,0.5177177495548777,0.5766024222785774,0.5004654051448768
