0,1,Error,Rate
84,12,0.125, =12/96
26,789,0.03190184049079755, =26/815
110,801,0.04171240395170143, =38/911
