auc,logloss,mean_per_class_error,mse,f1,f2,f.5
0.989407077721083,0.36316814048025114,0.029254529254529253,0.12837336320251508,0.8372385267043736,0.7985163587137966,0.8939078395391866
