0,1,Error,Rate
436,182,0.29449838187702265, =182/618
77,216,0.2627986348122867, =77/293
513,398,0.28430296377607023, =259/911
