0,1,Error,Rate
3,2,0.4, =2/5
1,1822,5.485463521667581e-4, =1/1823
4,1824,0.0016411378555798686, =3/1828
