0,1,Error,Rate
584,44,0.07006369426751592, =44/628
28,255,0.0989399293286219, =28/283
612,299,0.07903402854006586, =72/911
