auc,logloss,mean_per_class_error,mse,f1,f2,f.5
0.9991657338121227,0.07966999784283571,0.017479390528949056,0.017145603795482856,0.7122742173764957,0.7325577548033984,0.7282314145968733
