0,1,Error,Rate
4,1,0.2, =1/5
1,1822,5.485463521667581e-4, =1/1823
5,1823,0.0010940919037199124, =2/1828
