0,1,Error,Rate
487,141,0.22452229299363058, =141/628
70,213,0.24734982332155478, =70/283
557,354,0.23161361141602635, =211/911
