auc,logloss,mean_per_class_error,mse,f1,f2,f.5
0.8185468475446539,0.4736574469024368,0.23190239376406124,0.15259761151921414,0.5174338761479276,0.5770449471400629,0.5009459720404138
