auc,logloss,mean_per_class_error,mse,f1,f2,f.5
0.9995383431649142,0.003141940886917387,0.21428571428571427,8.38331998705798e-4,0.9074861493471075,0.867406959283777,0.9568874939580435
