auc,logloss,mean_per_class_error,mse,f1,f2,f.5
1,1.2246779995015518,0,0.41669964253992314,0.6678497162483984,0.6280655620931115,0.7450568479619915
