0,1,Error,Rate
80,0,0, =0/80
3,828,0.0036101083032490976, =3/831
83,828,0.003293084522502744, =3/911
