auc,logloss,mean_per_class_error,mse,f1,f2,f.5
0.9999926776768256,0.2441314214499093,4.428697962798937e-4,0.07458020471163661,0.8364714496981308,0.7927898666364869,0.9007268602547441
