auc,logloss,mean_per_class_error,mse,f1,f2,f.5
0.999374664179994,0.017834335821122885,0.03645240204141887,0.005513703008826659,0.8466142918088567,0.7919567209928643,0.9218637637962198
