auc,logloss,mean_per_class_error,mse
0.9994906538885435,0.0331409139015256,0.03475198374493634,0.0076659378812196826
