auc,logloss,mean_per_class_error,mse
0.9991701922036578,0.019167444491649057,0.03645240204141887,0.0059661792988352415
